filename,directory
CA 2010 HW agmet-10203-10OCR.pdf,data/EPA follow up data OCR
CA 2010 HW agmet-dana oakville on (2)OCR.pdf,data/EPA follow up data OCR
CA 2010 HW amg-criterion catalyst abOCR.pdf,data/EPA follow up data OCR
CA 2011 HW amg-shell scottford cOCR.pdf,data/EPA follow up data OCR
CA 2012 HW amg-shell scotford c (2)OCR.pdf,data/EPA follow up data OCR
CA.2010.HW.agmet-dana mt forget onOCR.pdf,data/EPA follow up data OCR
CA.2010.HW.clean harbors 2027 tx-ch mississOCR.pdf,data/EPA follow up data OCR
CA.2010.HW.clean harbors 2027 tx-ch thursoOCR.pdf,data/EPA follow up data OCR
CA.2010.HW.clean harbors 500 tx-ch mississOCR.pdf,data/EPA follow up data OCR
CA.2010.HW.clean harbors 500 tx-ch thursoOCR.pdf,data/EPA follow up data OCR
CA.2010.HW.clean harbors el dorado-ch deltaOCR.pdf,data/EPA follow up data OCR
CA.2010.HW.clean harbors el dorado-ch mississOCR.pdf,data/EPA follow up data OCR
CA.2010.HW.clean harbors el dorado-ch thursoOCR.pdf,data/EPA follow up data OCR
CA.2010.HW.clean harbors hebron-ch corunnaOCR.pdf,data/EPA follow up data OCR
CA.2010.HW.clean harbors hebron-ch mississOCR.pdf,data/EPA follow up data OCR
CA.2010.HW.clean harbors kimball-ch deltaOCR.pdf,data/EPA follow up data OCR
CA.2010.HW.cmwnw inc-alcan bc.decOCR.pdf,data/EPA follow up data OCR
CA.2010.HW.cmwnw inc-alcan bc.octOCR.pdf,data/EPA follow up data OCR
CA.2010.HW.cmwnw inc-alcan bc.sepOCR.pdf,data/EPA follow up data OCR
CA.2010.HW.cmwnw inc-ch deltaOCR.pdf,data/EPA follow up data OCR
CA.2010.HW.cmwnw inc-toxcoOCR.pdf,data/EPA follow up data OCR
CA.2010.HW.dynecol-arcelor mittalOCR.pdf,data/EPA follow up data OCR
CA.2010.HW.dynecol-chemturaOCR.pdf,data/EPA follow up data OCR
CA.2010.HW.dynecol-galvastOCR.pdf,data/EPA follow up data OCR
CA.2010.HW.dynecol-puremetalOCR.pdf,data/EPA follow up data OCR
CA.2010.HW.dynecol-rprOCR.pdf,data/EPA follow up data OCR
CA.2010.HW.dynecol-tonolliOCR.pdf,data/EPA follow up data OCR
CA.2010.HW.emerald svc-triarrowOCR.pdf,data/EPA follow up data OCR
CA.2010.HW.envrite oh-nmrOCR.pdf,data/EPA follow up data OCR
CA.2010.HW.eq detroit-newaltaOCR.pdf,data/EPA follow up data OCR
CA.2010.HW.gage-chryslerOCR.pdf,data/EPA follow up data OCR
CA.2010.HW.gage-fordOCR.pdf,data/EPA follow up data OCR
CA.2010.HW.giant al-assurpackOCR.pdf,data/EPA follow up data OCR
CA.2010.HW.giant al-stericycOCR.pdf,data/EPA follow up data OCR
CA.2010.HW.giant sc-newaltaOCR.pdf,data/EPA follow up data OCR
CA.2010.HW.inmetco-arcmittOCR.pdf,data/EPA follow up data OCR
CA.2010.HW.inmetco-kuntzOCR.pdf,data/EPA follow up data OCR
CA.2010.HW.inmetco-newaltaOCR.pdf,data/EPA follow up data OCR
CA.2010.HW.kw-tonolliOCR.pdf,data/EPA follow up data OCR
CA.2010.HW.kw-xtrataOCR.pdf,data/EPA follow up data OCR
CA.2010.HW.metallurg-shell augOCR.pdf,data/EPA follow up data OCR
CA.2010.HW.metallurg-shell decOCR.pdf,data/EPA follow up data OCR
CA.2010.HW.metallurg-shell julOCR.pdf,data/EPA follow up data OCR
CA.2010.HW.metallurg-shell novOCR.pdf,data/EPA follow up data OCR
CA.2010.HW.metallurg-shell octOCR.pdf,data/EPA follow up data OCR
CA.2010.HW.metallurg-shell sepOCR.pdf,data/EPA follow up data OCR
CA.2010.HW.metallurg-syncrudeOCR.pdf,data/EPA follow up data OCR
CA.2010.HW.ross incin-newaltaOCR.pdf,data/EPA follow up data OCR
CA.2010.HW.ross incin-photechOCR.pdf,data/EPA follow up data OCR
CA.2010.HW.ross incin-stercycleOCR.pdf,data/EPA follow up data OCR
CA.2010.HW.systech-aimcoOCR.pdf,data/EPA follow up data OCR
CA.2010.HW.systech-hotzOCR.pdf,data/EPA follow up data OCR
CA.2010.HW.tulip-tonolli aOCR.pdf,data/EPA follow up data OCR
CA.2010.HW.tulip-tonolli bOCR.pdf,data/EPA follow up data OCR
CA.2011.HW.amg-shell scottford aOCR.pdf,data/EPA follow up data OCR
CA.2011.HW.amg-shell scottford bOCR.pdf,data/EPA follow up data OCR
CA.2011.HW.amg-shell scottford cOCR.pdf,data/EPA follow up data OCR
CA.2011.HW.amg-shell scottford dOCR.pdf,data/EPA follow up data OCR
CA.2011.HW.amg-shell scottford eOCR.pdf,data/EPA follow up data OCR
CA.2011.HW.amg-shell scottford fOCR.pdf,data/EPA follow up data OCR
CA.2011.HW.amg-shell scottford gOCR.pdf,data/EPA follow up data OCR
CA.2011.HW.amg-shell scottford hOCR.pdf,data/EPA follow up data OCR
CA.2011.HW.amg-shell scottford jOCR.pdf,data/EPA follow up data OCR
CA.2011.HW.amg-shell scottford kOCR.pdf,data/EPA follow up data OCR
CA.2011.HW.amg-shell scottford lOCR.pdf,data/EPA follow up data OCR
CA.2011.HW.amg-syndrude abOCR.pdf,data/EPA follow up data OCR
CA.2011.HW.ch 2027 la porte tx-ch mississaugaOCR.pdf,data/EPA follow up data OCR
CA.2011.HW.ch 500 la porte tx-ch deltaOCR.pdf,data/EPA follow up data OCR
CA.2011.HW.ch 500 la porte tx-ch mississaugaOCR.pdf,data/EPA follow up data OCR
CA.2011.HW.ch 500 la porte tx-ch thurso qcOCR.pdf,data/EPA follow up data OCR
CA.2011.HW.ch el dorado-ch delta jan-novOCR.pdf,data/EPA follow up data OCR
CA.2011.HW.ch el dorado-ch mississaugaOCR.pdf,data/EPA follow up data OCR
CA.2011.HW.ch el dorado-ch quebec aug-decOCR.pdf,data/EPA follow up data OCR
CA.2011.HW.ch el dorado-ch quebec jan-junOCR.pdf,data/EPA follow up data OCR
CA.2011.HW.ch kimball ne-ch delta feb-sepOCR.pdf,data/EPA follow up data OCR
CA.2011.HW.ch kimball ne-ch delta oct-decOCR.pdf,data/EPA follow up data OCR
CA.2011.HW.cwmnw-alcan aOCR.pdf,data/EPA follow up data OCR
CA.2011.HW.cwmnw-alcan bOCR.pdf,data/EPA follow up data OCR
CA.2011.HW.cwmnw-alcan c1OCR.pdf,data/EPA follow up data OCR
CA.2011.HW.cwmnw-alcan c2OCR.pdf,data/EPA follow up data OCR
CA.2011.HW.cwmnw-alcan d1OCR.pdf,data/EPA follow up data OCR
CA.2011.HW.cwmnw-alcan d2OCR.pdf,data/EPA follow up data OCR
CA.2011.HW.cwmnw-alcan e1OCR.pdf,data/EPA follow up data OCR
CA.2011.HW.cwmnw-alcan e2OCR.pdf,data/EPA follow up data OCR
CA.2011.HW.cwmnw-alcan f1OCR.pdf,data/EPA follow up data OCR
CA.2011.HW.cwmnw-alcan f2OCR.pdf,data/EPA follow up data OCR
CA.2011.HW.cwmnw-alcan gOCR.pdf,data/EPA follow up data OCR
CA.2011.HW.cwmnw-alcan h1OCR.pdf,data/EPA follow up data OCR
CA.2011.HW.cwmnw-alcan h3OCR.pdf,data/EPA follow up data OCR
CA.2011.HW.cwmnw-alcan i1OCR.pdf,data/EPA follow up data OCR
CA.2011.HW.cwmnw-alcan i2OCR.pdf,data/EPA follow up data OCR
CA.2011.HW.cwmnw-alcan j1OCR.pdf,data/EPA follow up data OCR
CA.2011.HW.cwmnw-alcan j2OCR.pdf,data/EPA follow up data OCR
CA.2011.HW.cwmnw-alcan k1OCR.pdf,data/EPA follow up data OCR
CA.2011.HW.cwmnw-alcan k2OCR.pdf,data/EPA follow up data OCR
CA.2011.HW.cwmnw-alcan- h2OCR.pdf,data/EPA follow up data OCR
CA.2011.HW.cwmnw-ch deltaOCR.pdf,data/EPA follow up data OCR
CA.2011.HW.cwmnw-toxcoOCR.pdf,data/EPA follow up data OCR
CA.2011.HW.cycle chem nj-bermudaOCR.pdf,data/EPA follow up data OCR
CA.2011.HW.dynecol-chemturaOCR.pdf,data/EPA follow up data OCR
CA.2011.HW.dynecol-court galvOCR.pdf,data/EPA follow up data OCR
CA.2011.HW.dynecol-galvcastOCR.pdf,data/EPA follow up data OCR
CA.2011.HW.dynecol-pure metal galvOCR.pdf,data/EPA follow up data OCR
CA.2011.HW.dynecol-tonolli cOCR.pdf,data/EPA follow up data OCR
CA.2011.HW.dynecol-tonolli dOCR.pdf,data/EPA follow up data OCR
CA.2011.HW.dynecol-tonolli eOCR.pdf,data/EPA follow up data OCR
CA.2011.HW.dynecol-tonolli fOCR.pdf,data/EPA follow up data OCR
CA.2011.HW.envirite oh-kuntz elec aOCR.pdf,data/EPA follow up data OCR
CA.2011.HW.envirite oh-kuntz elec bOCR.pdf,data/EPA follow up data OCR
CA.2011.HW.envirite oh-kuntz elec cOCR.pdf,data/EPA follow up data OCR
CA.2011.HW.envirite oh-kuntz elec dOCR.pdf,data/EPA follow up data OCR
CA.2011.HW.envirite oh-kuntz elec eOCR.pdf,data/EPA follow up data OCR
CA.2011.HW.envirite oh-kuntz elec fOCR.pdf,data/EPA follow up data OCR
CA.2011.HW.envirite oh-kuntz elec gOCR.pdf,data/EPA follow up data OCR
CA.2011.HW.envirite oh-kuntz elec hOCR.pdf,data/EPA follow up data OCR
CA.2011.HW.envirite oh-kuntz elec iOCR.pdf,data/EPA follow up data OCR
CA.2011.HW.envirite oh-kuntz elec jOCR.pdf,data/EPA follow up data OCR
CA.2011.HW.envirite oh-kuntz elec kOCR.pdf,data/EPA follow up data OCR
CA.2011.HW.envirite oh-nmr inc aOCR.pdf,data/EPA follow up data OCR
CA.2011.HW.envirite oh-nmr inc bOCR.pdf,data/EPA follow up data OCR
CA.2011.HW.envirite oh-nmr inc cOCR.pdf,data/EPA follow up data OCR
CA.2011.HW.envirite oh-nmr inc dOCR.pdf,data/EPA follow up data OCR
CA.2011.HW.envirite oh-nmr inc eOCR.pdf,data/EPA follow up data OCR
CA.2011.HW.envirite oh-nmr inc fOCR.pdf,data/EPA follow up data OCR
CA.2011.HW.eq detroit-nmr incOCR.pdf,data/EPA follow up data OCR
CA.2011.HW.gage-fordOCR.pdf,data/EPA follow up data OCR
CA.2011.HW.heraeus-heraeus germanyOCR.pdf,data/EPA follow up data OCR
CA.2011.HW.heritage oh-newaltaOCR.pdf,data/EPA follow up data OCR
CA.2011.HW.inmetco-arc mittlOCR.pdf,data/EPA follow up data OCR
CA.2011.HW.inmetco-atotechOCR.pdf,data/EPA follow up data OCR
CA.2011.HW.inmetco-kuntzOCR.pdf,data/EPA follow up data OCR
CA.2011.HW.inmetco-newalta aprOCR.pdf,data/EPA follow up data OCR
CA.2011.HW.inmetco-newalta augOCR.pdf,data/EPA follow up data OCR
CA.2011.HW.inmetco-newalta decOCR.pdf,data/EPA follow up data OCR
CA.2011.HW.inmetco-newalta febOCR.pdf,data/EPA follow up data OCR
CA.2011.HW.inmetco-newalta janOCR.pdf,data/EPA follow up data OCR
CA.2011.HW.inmetco-newalta julOCR.pdf,data/EPA follow up data OCR
CA.2011.HW.inmetco-newalta junOCR.pdf,data/EPA follow up data OCR
CA.2011.HW.inmetco-newalta marOCR.pdf,data/EPA follow up data OCR
CA.2011.HW.inmetco-newalta mayOCR.pdf,data/EPA follow up data OCR
CA.2011.HW.inmetco-newalta octOCR.pdf,data/EPA follow up data OCR
CA.2011.HW.inmetco-newalta sepOCR.pdf,data/EPA follow up data OCR
CA.2011.HW.inmetco-nmr incOCR.pdf,data/EPA follow up data OCR
CA.2011.HW.inmetco-toxcoOCR.pdf,data/EPA follow up data OCR
CA.2011.HW.keystone cement-ch mississ.OCR.pdf,data/EPA follow up data OCR
CA.2011.HW.keystone cement-fieldingOCR.pdf,data/EPA follow up data OCR
CA.2011.HW.kw plastics-tonolliOCR.pdf,data/EPA follow up data OCR
CA.2011.HW.kw plastics-xstrata nbOCR.pdf,data/EPA follow up data OCR
CA.2011.HW.reynolds metals co-alcoa qcOCR.pdf,data/EPA follow up data OCR
CA.2011.HW.ross incin-stericycle onOCR.pdf,data/EPA follow up data OCR
CA.2011.HW.sabin metal corp-royal ca mintOCR.pdf,data/EPA follow up data OCR
CA.2011.HW.set environmental-air liquid pqOCR.pdf,data/EPA follow up data OCR
CA.2011.HW.systech env corp-ch mississOCR.pdf,data/EPA follow up data OCR
CA.2011.HW.systech env corp-chemrecOCR.pdf,data/EPA follow up data OCR
CA.2011.HW.systech env corp-fielding chemOCR.pdf,data/EPA follow up data OCR
CA.2011.HW.systech env corp-hotz envOCR.pdf,data/EPA follow up data OCR
CA.2011.HW.systech env corp-miller envOCR.pdf,data/EPA follow up data OCR
CA.2011.HW.tulip corp-tonolli aprOCR.pdf,data/EPA follow up data OCR
CA.2011.HW.tulip corp-tonolli augOCR.pdf,data/EPA follow up data OCR
CA.2011.HW.tulip corp-tonolli febOCR.pdf,data/EPA follow up data OCR
CA.2011.HW.tulip corp-tonolli janOCR.pdf,data/EPA follow up data OCR
CA.2011.HW.tulip corp-tonolli marOCR.pdf,data/EPA follow up data OCR
CA.2011.HW.tulip corp-tonolli mayOCR.pdf,data/EPA follow up data OCR
CA.2011.HW.wm mercury waste-ch thursoOCR.pdf,data/EPA follow up data OCR
CA.2011.HW.wm mercury waste-chemtech envOCR.pdf,data/EPA follow up data OCR
CA.2011.HW.wm mercury waste-ge oakville onOCR.pdf,data/EPA follow up data OCR
CA.2012.HW.amg-shell scotford aOCR.pdf,data/EPA follow up data OCR
CA.2012.HW.amg-shell scotford cOCR.pdf,data/EPA follow up data OCR
CA.2012.HW.amg-shell scotford dOCR.pdf,data/EPA follow up data OCR
CA.2012.HW.amg-shell scotford eOCR.pdf,data/EPA follow up data OCR
CA.2012.HW.amg-shell scotford fOCR.pdf,data/EPA follow up data OCR
CA.2012.HW.amg-shell scotford gOCR.pdf,data/EPA follow up data OCR
CA.2012.HW.amg-shell scotford hOCR.pdf,data/EPA follow up data OCR
CA.2012.HW.amg-shell scotford iOCR.pdf,data/EPA follow up data OCR
CA.2012.HW.amg-shell scotford jOCR.pdf,data/EPA follow up data OCR
CA.2012.HW.amg-shell scotford kOCR.pdf,data/EPA follow up data OCR
CA.2012.HW.amg-shell scotford lOCR.pdf,data/EPA follow up data OCR
CA.2012.HW.amg-shell-scotford bOCR.pdf,data/EPA follow up data OCR
CA.2012.HW.amg-syncrude ab aOCR.pdf,data/EPA follow up data OCR
CA.2012.HW.amg-syncrude ab bOCR.pdf,data/EPA follow up data OCR
CA.2012.HW.ch 500 la porte-ch thursoOCR.pdf,data/EPA follow up data OCR
CA.2012.HW.ch cleveland oh-ch thursoOCR.pdf,data/EPA follow up data OCR
CA.2012.HW.ch el dorado-ch deltaOCR.pdf,data/EPA follow up data OCR
CA.2012.HW.ch el dorado-ch mississauga aOCR.pdf,data/EPA follow up data OCR
CA.2012.HW.ch el dorado-ch mississauga bOCR.pdf,data/EPA follow up data OCR
CA.2012.HW.ch el dorado-ch thursoOCR.pdf,data/EPA follow up data OCR
CA.2012.HW.ch kimball ne-ch delta bcOCR.pdf,data/EPA follow up data OCR
CA.2012.HW.ch kimball ne-ch ryley abOCR.pdf,data/EPA follow up data OCR
CA.2012.HW.ch kimball ne-ch st catherineOCR.pdf,data/EPA follow up data OCR
CA.2012.HW.ch kimball ne-envirosortOCR.pdf,data/EPA follow up data OCR
CA.2012.HW.ch recycling ohio-ch ryleyOCR.pdf,data/EPA follow up data OCR
CA.2012.HW.cwmnw inc-alcan a1OCR.pdf,data/EPA follow up data OCR
CA.2012.HW.cwmnw inc-alcan a2OCR.pdf,data/EPA follow up data OCR
CA.2012.HW.cwmnw inc-alcan bOCR.pdf,data/EPA follow up data OCR
CA.2012.HW.cwmnw inc-alcan cOCR.pdf,data/EPA follow up data OCR
CA.2012.HW.cwmnw inc-alcan dOCR.pdf,data/EPA follow up data OCR
CA.2012.HW.cwmnw inc-alcan eOCR.pdf,data/EPA follow up data OCR
CA.2012.HW.cwmnw inc-alcan fOCR.pdf,data/EPA follow up data OCR
CA.2012.HW.cwmnw inc-alcan gOCR.pdf,data/EPA follow up data OCR
CA.2012.HW.cwmnw inc-alcan hOCR.pdf,data/EPA follow up data OCR
CA.2012.HW.cwmnw inc-alcan iOCR.pdf,data/EPA follow up data OCR
CA.2012.HW.cwmnw inc-alcan jOCR.pdf,data/EPA follow up data OCR
CA.2012.HW.cwmnw inc-alcan kOCR.pdf,data/EPA follow up data OCR
CA.2012.HW.cwmnw inc-alcan lOCR.pdf,data/EPA follow up data OCR
CA.2012.HW.cwmnw inc-ch deltaOCR.pdf,data/EPA follow up data OCR
CA.2012.HW.cwmnw inc-toxcoOCR.pdf,data/EPA follow up data OCR
CA.2012.HW.dssi-AECLOCR.pdf,data/EPA follow up data OCR
CA.2012.HW.dynecol-galvcastOCR.pdf,data/EPA follow up data OCR
CA.2012.HW.dynecol-pure metalOCR.pdf,data/EPA follow up data OCR
CA.2012.HW.dynecol-quantexOCR.pdf,data/EPA follow up data OCR
CA.2012.HW.dynecol-rpr environmentalOCR.pdf,data/EPA follow up data OCR
CA.2012.HW.dynecol-sivaco ontarioOCR.pdf,data/EPA follow up data OCR
CA.2012.HW.dynecol-tonolliOCR.pdf,data/EPA follow up data OCR
CA.2012.HW.emerald services wa-tri arrow bcOCR.pdf,data/EPA follow up data OCR
CA.2012.HW.envirite of oh-kuntz on aOCR.pdf,data/EPA follow up data OCR
CA.2012.HW.envirite of oh-kuntz on bOCR.pdf,data/EPA follow up data OCR
CA.2012.HW.eq detroit-nmri onOCR.pdf,data/EPA follow up data OCR
CA.2012.HW.giant resource sc-newalta barrieOCR.pdf,data/EPA follow up data OCR
CA.2012.HW.heraeus ca-petro canada onOCR.pdf,data/EPA follow up data OCR
CA.2012.HW.heritage oh-newalta barrieOCR.pdf,data/EPA follow up data OCR
CA.2012.HW.heritage oh-newalta torontoOCR.pdf,data/EPA follow up data OCR
CA.2012.HW.horsehead corp-arcelor mittalOCR.pdf,data/EPA follow up data OCR
CA.2012.HW.inmetco-arcelor mittal onOCR.pdf,data/EPA follow up data OCR
CA.2012.HW.inmetco-kuntz onOCR.pdf,data/EPA follow up data OCR
CA.2012.HW.inmetco-newalta ft erie aOCR.pdf,data/EPA follow up data OCR
CA.2012.HW.inmetco-newalta ft erie bOCR.pdf,data/EPA follow up data OCR
CA.2012.HW.inmetco-nmri on aOCR.pdf,data/EPA follow up data OCR
CA.2012.HW.inmetco-nmri on bOCR.pdf,data/EPA follow up data OCR
CA.2012.HW.inmetco-quantex onOCR.pdf,data/EPA follow up data OCR
CA.2012.HW.keystone cement co-fielding onOCR.pdf,data/EPA follow up data OCR
CA.2012.HW.kinsbursky bros-toxco bcOCR.pdf,data/EPA follow up data OCR
CA.2012.HW.kw plastics-tonolli on aOCR.pdf,data/EPA follow up data OCR
CA.2012.HW.kw plastics-tonolli on bOCR.pdf,data/EPA follow up data OCR
CA.2012.HW.kw plastics-xstrata nbOCR.pdf,data/EPA follow up data OCR
CA.2012.HW.reynolds metals-alcoa baie comeauOCR.pdf,data/EPA follow up data OCR
CA.2012.HW.reynolds metals-alcoa deschambaultOCR.pdf,data/EPA follow up data OCR
CA.2012.HW.reynolds metals-alumineire becancourOCR.pdf,data/EPA follow up data OCR
CA.2012.HW.ross incineration-newalta barrie onOCR.pdf,data/EPA follow up data OCR
CA.2012.HW.ross incineration-stericycle onOCR.pdf,data/EPA follow up data OCR
CA.2012.HW.safety kleen systems-sk 1040 brampton onOCR.pdf,data/EPA follow up data OCR
CA.2012.HW.safety kleen systems-sk 23 regan rd bramptonOCR.pdf,data/EPA follow up data OCR
CA.2012.HW.safety kleen systems-sk 25 regan roadOCR.pdf,data/EPA follow up data OCR
CA.2012.HW.safety kleen systems-sk ancaster onOCR.pdf,data/EPA follow up data OCR
Ca.2012.HW.safety kleen systems-sk chambly qcOCR.pdf,data/EPA follow up data OCR
CA.2012.HW.safety kleen systems-sk chelmsford onOCR.pdf,data/EPA follow up data OCR
CA.2012.HW.safety kleen systems-sk london onOCR.pdf,data/EPA follow up data OCR
CA.2012.HW.safety kleen systems-sk nepean onOCR.pdf,data/EPA follow up data OCR
CA.2012.HW.safety kleen systems-sk oshawa onOCR.pdf,data/EPA follow up data OCR
CA.2012.HW.safety kleen systems-sk st augustin qcOCR.pdf,data/EPA follow up data OCR
CA.2012.HW.spring grove inc-ch mississauga onOCR.pdf,data/EPA follow up data OCR
CA.2012.HW.spring grove inc-ch thurso qcOCR.pdf,data/EPA follow up data OCR
CA.2012.HW.systech-aimco onOCR.pdf,data/EPA follow up data OCR
CA.2012.HW.systech-chemrec qcOCR.pdf,data/EPA follow up data OCR
CA.2012.HW.systech-miller environmental mbOCR.pdf,data/EPA follow up data OCR
CA.2012.HW.tricat inc-chevron burnaby bcOCR.pdf,data/EPA follow up data OCR
CA.2012.HW.wm mercury waste-ch thurso qcOCR.pdf,data/EPA follow up data OCR
MX 2012 HW 3M cottage grove-edumex juarez (2)OCR.pdf,data/EPA follow up data OCR
MX.2012.HW.3M cottage grove-edumex juarezOCR.pdf,data/EPA follow up data OCR
MX.2012.HW.rsr quemetco-power sonic cpOCR.pdf,data/EPA follow up data OCR
MX.2012.HW.us ecology tx-kimball electronicsOCR.pdf,data/EPA follow up data OCR
MX.2012.HW.world resources co-flex n gate opcion gtOCR.pdf,data/EPA follow up data OCR
MX.2012.HW.world resources co-platinadora tijuana bcOCR.pdf,data/EPA follow up data OCR
MX.2012.HW.world resources co-ptes tijuana bcOCR.pdf,data/EPA follow up data OCR
MX.2012.HW.world resources co-pulidos industr tijuana bcOCR.pdf,data/EPA follow up data OCR
